Make;Model;Prices
VOLVO;XC90 (2E GENERATION);41 900 €
FORD;TRANSIT CONNECT 2;16 900 €
BMW;SERIE 3 GT F34;20 900 €
BMW;X5 F15;46 900 €
NISSAN;EVALIA;11 900 €
MINI;MINI 2 CLUBMAN;9 900 €
PORSCHE;PANAMERA;46 900 €
JAGUAR;XK CABRIOLET;49 900 €
NISSAN;EVALIA;12 900 €
JAGUAR;XJ8;14 900 €
PORSCHE;PANAMERA;81 900 €
JAGUAR;XK COUPE;58 900 €
VOLKSWAGEN;TRANSPORTER 6;27 900 €
FORD;RANGER 2;21 900 €
NISSAN;PATHFINDER;14 900 €
NISSAN;NAVARA;16 900 €
VOLVO;C70 (2E GENERATION) CABRIOLET;13 900 €
MINI;MINI 3 5P;22 900 €
MINI;MINI 3 5P;16 900 €
BMW;X6 F16;49 900 €
FORD;TRANSIT CONNECT 2;16 900 €
JEEP;RENEGADE;15 900 €
